position,title,link,displayed_link,thumbnail,favicon,snippet,snippet_highlighted_words,about_this_result,cached_page_link,source,rich_snippet,related_pages_link,date,video_link,related_results
1,Buy AirPods Online at Best Prices in India,https://www.flipkart.com/q/airpods,https://www.flipkart.com â€º airpods,https://serpapi.com/searches/64d9e902c56d9318ff9b918b/images/f98115600c4c3d941dc9bee3e3f56212a606da439e026424a53a4c00c690c50c.jpeg,https://serpapi.com/searches/64d9e902c56d9318ff9b918b/images/f98115600c4c3d941dc9bee3e3f56212ecd3b4415739492d224f7b97f7bb5e84.png,Buy AirPods at India's Best Online Shopping Store. Buy Apple wireless AirPods with charging case at Flipkart. âœ“ Best Deals âœ“COD.,"[""AirPods"",""AirPods""]","{""keywords"":[""airpods""],""languages"":[""English""],""regions"":[""India""]}",https://webcache.googleusercontent.com/search?q=cache:5UBn2yyf6pMJ:https://www.flipkart.com/q/airpods&cd=11&hl=en&ct=clnk&gl=in,Flipkart,,,,,
2,Apple AirPods (2nd Generation),https://www.amazon.in/Apple-AirPods-with-Charging-Case/dp/B07Q6153FQ,https://www.amazon.in â€º Apple-AirPods-with-Chargin...,https://serpapi.com/searches/64d9e902c56d9318ff9b918b/images/f98115600c4c3d941dc9bee3e3f56212440e8951ed9815cf490f1bbaf8eafb44.jpeg,https://serpapi.com/searches/64d9e902c56d9318ff9b918b/images/f98115600c4c3d941dc9bee3e3f562126af55934e6ed51b11de9fc8f650238d2.png,"The new AirPods combine intelligent design with breakthrough technology and crystal clear sound. Powered by the new Apple H1 headphone chip, AirPods now ...","[""AirPods"",""AirPods""]","{""keywords"":[""airpods""],""languages"":[""English""],""regions"":[""India""]}",https://webcache.googleusercontent.com/search?q=cache:1tgsxd9QHDwJ:https://www.amazon.in/Apple-AirPods-with-Charging-Case/dp/B07Q6153FQ&cd=12&hl=en&ct=clnk&gl=in,Amazon.in,"{""top"":{""detected_extensions"":{""rating"":4.4,""reviews"":13056,""price"":11999,""currency"":""â‚¹""},""extensions"":[""Rating: 4.4"",""â€Ž13,056 reviews"",""â€Žâ‚¹11,999.00"",""â€ŽIn stock""]},""bottom"":{""extensions"":[""Form Factor: Case"",""Compatible Devices: Headphones"",""Special Feature: Bluetooth, with microphone"",""Colour: White""]}}",,,,
3,Apple AirPods (2nd Generation) Wireless Earbuds with ...,https://www.amazon.com/Apple-AirPods-Charging-Latest-Model/dp/B07PXGQC1Q,https://www.amazon.com â€º Apple-AirPods-Charging-...,https://serpapi.com/searches/64d9e902c56d9318ff9b918b/images/f98115600c4c3d941dc9bee3e3f56212e74656d24c4c55af133d143c831ef79a.jpeg,https://serpapi.com/searches/64d9e902c56d9318ff9b918b/images/f98115600c4c3d941dc9bee3e3f56212c6b098df772d89dc5a769de221e864ca.png,"The new AirPods combine intelligent design with breakthrough technology and crystal clear sound. Powered by the new Apple H1 headphone chip, AirPods now ...","[""AirPods"",""AirPods""]","{""keywords"":[""airpods""],""languages"":[""English""],""regions"":[""India""]}",https://webcache.googleusercontent.com/search?q=cache:vGSFt_6ZuFoJ:https://www.amazon.com/Apple-AirPods-Charging-Latest-Model/dp/B07PXGQC1Q&cd=13&hl=en&ct=clnk&gl=in,Amazon.com,"{""top"":{""detected_extensions"":{""rating"":4.7,""reviews"":583653,""price"":99,""currency"":""$""},""extensions"":[""Rating: 4.7"",""â€Ž583,653 reviews"",""â€Ž$99.00"",""â€ŽIn stock""]},""bottom"":{""detected_extensions"":{""product_dimensions_x_x_inches"":0.65},""extensions"":[""Product Dimensions: â€Ž0.65 x 0.71 x 1.59 inches"",""Country of Origin: â€ŽChina""]}}",,,,
4,Apple AirPods: Buy Apple Earbuds Online at Best Price,https://www.croma.com/apple-truly-wireless-earbuds/bc/b-0025-611,https://www.croma.com â€º ... â€º Truly Wireless Earbuds,,https://serpapi.com/searches/64d9e902c56d9318ff9b918b/images/f98115600c4c3d941dc9bee3e3f5621288aa4168a2994845a9b0145049cd9678.png,"Boasting of a one-tap setup, Apple AirPods are hassle-free and provide you with a three-dimensional listening experience. With its new and improved spatial ...","[""AirPods""]","{""keywords"":[""airpods""],""languages"":[""English""],""regions"":[""India""]}",https://webcache.googleusercontent.com/search?q=cache:p-sfpSbUxecJ:https://www.croma.com/apple-truly-wireless-earbuds/bc/b-0025-611&cd=14&hl=en&ct=clnk&gl=in,Croma,,,,,
5,AirPods,https://en.wikipedia.org/wiki/AirPods,https://en.wikipedia.org â€º wiki â€º AirPods,https://serpapi.com/searches/64d9e902c56d9318ff9b918b/images/f98115600c4c3d941dc9bee3e3f56212ad9d35c297041a69032d7a5061b45935.jpeg,https://serpapi.com/searches/64d9e902c56d9318ff9b918b/images/f98115600c4c3d941dc9bee3e3f562125169f640e463d5ba11167d5d625bbf30.png,"AirPods are wireless Bluetooth earbuds designed by Apple Inc. They were first announced on September 7, 2016, alongside the iPhone 7. Within two years ...","[""AirPods""]","{""keywords"":[""airpods""],""languages"":[""English""],""regions"":[""India""]}",https://webcache.googleusercontent.com/search?q=cache:Ywp6jZLMrksJ:https://en.wikipedia.org/wiki/AirPods&cd=15&hl=en&ct=clnk&gl=in,Wikipedia,"{""bottom"":{""detected_extensions"":{""price"":1,""currency"":""Current firmware st gen (December""},""extensions"":[""Release date: 1st generation December 13, 2..."",""Current firmware: 1st gen: 6.8.8 (December 20...""]}}",https://www.google.com/search?safe=active&sca_esv=556695686&hl=en&gl=in&q=related:https://en.wikipedia.org/wiki/AirPods+Airpods,,,
6,Buy Apple Airpods Pro (2nd Gen) with MagSafe Charging ...,https://www.reliancedigital.in/apple-airpods-pro-2nd-gen-with-magsafe-charging-case-active-noise-cancellation-touch-control-ipx4-sweat-and-water-resistant-bluetooth-v5-3-upto-30-hrs-of-playtime-white/p/493177748,https://www.reliancedigital.in â€º apple-airpods-pro-2nd...,https://encrypted-tbn0.gstatic.com/images?q=tbn:ANd9GcTNDSgyeQ7VC3HLj5sE5DLT-ldEHnYeFy5dNwInFZj5m5cyhcFsR7Sl&usqp=CAE&s,https://serpapi.com/searches/64d9e902c56d9318ff9b918b/images/f98115600c4c3d941dc9bee3e3f5621279f83095d4be6967dbe6d6c12f96d21c.jpeg,"Apple Airpods Pro (2nd Gen) with MagSafe Charging Case, Active Noise Cancellation, Touch control, IPX4 Sweat and water resistant, Bluetooth v5.3, Upto 30 hrs of ...","[""Airpods""]","{""keywords"":[""airpods""],""languages"":[""English""],""regions"":[""India""]}",https://webcache.googleusercontent.com/search?q=cache:Rrcx-_37hOoJ:https://www.reliancedigital.in/apple-airpods-pro-2nd-gen-with-magsafe-charging-case-active-noise-cancellation-touch-control-ipx4-sweat-and-water-resistant-bluetooth-v5-3-upto-30-hrs-of-playtime-white/p/493177748&cd=16&hl=en&ct=clnk&gl=in,Reliance Digital,"{""top"":{""detected_extensions"":{""rating"":4.8,""votes"":11},""extensions"":[""Rating: 4.8"",""â€Ž11 votes""]}}",,,,
7,"Buy AirPods 2, 3, and Pro at Best Price in India",https://maplestore.in/product-category/airpods/,https://maplestore.in â€º Shop,https://encrypted-tbn0.gstatic.com/images?q=tbn:ANd9GcQ0tTaPBSo_psa5ixvgSoGcMzTg7n50y82OxJ1-R5FngyriTOiDlIfB&usqp=CAE&s,https://serpapi.com/searches/64d9e902c56d9318ff9b918b/images/f98115600c4c3d941dc9bee3e3f5621255ab4790b22507bc15dc60164c996bb9.png,AirPods are a line of wireless earbuds designed by Apple. They are known for their sleek design and easy connectivity with Apple devices.,"[""AirPods""]","{""keywords"":[""airpods""],""languages"":[""English""],""regions"":[""India""]}",https://webcache.googleusercontent.com/search?q=cache:hegD1HxijEYJ:https://maplestore.in/product-category/airpods/&cd=17&hl=en&ct=clnk&gl=in,Maple,,,,,
8,Buy Apple Airpods Pro (2nd Gen) with MagSafe Charging ...,https://www.jiomart.com/p/electronics/apple-airpods-pro-2nd-gen-with-magsafe-charging-case-white/593697204,https://www.jiomart.com â€º All Categories,https://encrypted-tbn0.gstatic.com/images?q=tbn:ANd9GcQC1e5GGOX-y9uJCO_TkmeX80jtTtNXT6wV-EV8jrOgkqtBebL0jQTO&usqp=CAE&s,https://serpapi.com/searches/64d9e902c56d9318ff9b918b/images/f98115600c4c3d941dc9bee3e3f562122355174d237e30d4f812fdff452091d5.png,"Buy Apple Airpods Pro (2nd Gen) with MagSafe Charging Case, Active Noise Cancellation, Touch control, IPX4 Sweat and water resistant, Bluetooth v5.3, ...","[""Airpods""]","{""keywords"":[""airpods""],""languages"":[""English""],""regions"":[""India""]}",https://webcache.googleusercontent.com/search?q=cache:602y_ibm2YYJ:https://www.jiomart.com/p/electronics/apple-airpods-pro-2nd-gen-with-magsafe-charging-case-white/593697204&cd=18&hl=en&ct=clnk&gl=in,JioMart,,,,,
9,Best Apple AirPods for 2023: Top Picks Across Generations,https://www.cnet.com/tech/mobile/best-apple-airpods/,https://www.cnet.com â€º Tech â€º Mobile,,https://serpapi.com/searches/64d9e902c56d9318ff9b918b/images/f98115600c4c3d941dc9bee3e3f562121e1bcdab3554eb673c6d880c61a8fa77.png,Apple makes excellent AirPods earbuds and headphones for iPhone users. Find out which AirPods are best for you -- and get the best deals on ...,"[""AirPods"",""AirPods""]","{""keywords"":[""airpods""],""languages"":[""English""],""regions"":[""India""]}",,CNET,,,########,,
10,Apple AirPods (2nd gen) with Charging Case Bluetooth ...,https://www.tatacliq.com/apple-airpods-2nd-gen-with-charging-case-bluetooth-headset-with-mic-white-true-wireless/p-mp000000004870365,https://www.tatacliq.com â€º ... â€º Earphones,,https://serpapi.com/searches/64d9e902c56d9318ff9b918b/images/f98115600c4c3d941dc9bee3e3f562127ca10e80c92756b32721aeb3a2ada8bc.png,"The AirPods feature the same design as the original AirPods, but there are a few new internal features including an H1 chip that enables ""Hey Siri"" ...","[""AirPods"",""AirPods""]","{""keywords"":[""airpods""],""languages"":[""English""],""regions"":[""India""]}",https://webcache.googleusercontent.com/search?q=cache:U2DcS3xe0PwJ:https://www.tatacliq.com/apple-airpods-2nd-gen-with-charging-case-bluetooth-headset-with-mic-white-true-wireless/p-mp000000004870365&cd=20&hl=en&ct=clnk&gl=in,Tata CLiQ,"{""top"":{""detected_extensions"":{""rating"":4.6,""price"":10499,""currency"":""â‚¹""},""extensions"":[""Rating: 4.6"",""â€Žâ‚¹10,499.00""]}}",,,,
11,"AirPods Pro, 3rd Generation Price in India",https://www.indiaistore.com/music,https://www.indiaistore.com â€º music,,https://serpapi.com/searches/64d9e902c56d9318ff9b918b/images/f98115600c4c3d941dc9bee3e3f5621205fcc26b2dbb01573e0b6c75c0eb87d4.png,"Buy Apple AirPods with the latest version, such as AirPods Pro, 3rd generation, and many more. Get a high-quality sound with a magical experience with ...","[""AirPods"",""AirPods""]","{""keywords"":[""airpods""],""languages"":[""English""],""regions"":[""India""]}",https://webcache.googleusercontent.com/search?q=cache:faseAlRnwScJ:https://www.indiaistore.com/music&cd=21&hl=en&ct=clnk&gl=in,IndiaiStore,,,,,
12,Buy Apple AirPods,https://imagineonline.store/collections/airpods,https://imagineonline.store â€º collections â€º airpods,,https://serpapi.com/searches/64d9e902c56d9318ff9b918b/images/f98115600c4c3d941dc9bee3e3f5621203be8634615ec8b9447a6bfb97394a4d.png,Explore the latest Series of Apple AirPods. Apple AirPods are the best pair of wireless earphones. Get the best offers on Imagine Online Store. Buy now.,"[""AirPods"",""AirPods""]","{""keywords"":[""airpods""],""languages"":[""English""],""regions"":[""India""]}",https://webcache.googleusercontent.com/search?q=cache:UA5IwAlz870J:https://imagineonline.store/collections/airpods&cd=22&hl=en&ct=clnk&gl=in,Imagine Online,,,,,
13,"What to expect from the next-gen AirPods, Pro, Lite and Max",https://www.macworld.com/article/673885/airpods-pro-lite-release-date-price-specs-rumours.html,https://www.macworld.com â€º Apple â€º News,,https://serpapi.com/searches/64d9e902c56d9318ff9b918b/images/f98115600c4c3d941dc9bee3e3f5621210320d1a2d9ebead16ea14a4e4a6e935.png,Will there be new AirPods in 2023? We check out rumors about the AirPods Lite and AirPods Max and discuss when AirPods Pro 3 and AirPods 4 ...,"[""AirPods"",""AirPods"",""AirPods"",""AirPods"",""AirPods""]","{""keywords"":[""airpods""],""languages"":[""English""],""regions"":[""India""]}",https://webcache.googleusercontent.com/search?q=cache:K4946H_tLZsJ:https://www.macworld.com/article/673885/airpods-pro-lite-release-date-price-specs-rumours.html&cd=23&hl=en&ct=clnk&gl=in,Macworld,,,4 days ago,,
14,AirPods Pro (2nd generation) | Unicorn Store,https://shop.unicornstore.in/airpods-pro-2nd-generation,https://shop.unicornstore.in â€º airpods-pro-2nd-generat...,,https://serpapi.com/searches/64d9e902c56d9318ff9b918b/images/f98115600c4c3d941dc9bee3e3f562124a209b0492a08e5cfdef28d3b3089bcb.png,"AirPods Pro feature up to 2x more Active Noise Cancellation, plus Adaptive Transparency, and Personalised Spatial Audio with dynamic head tracking for ...","[""AirPods""]","{""keywords"":[""airpods""],""languages"":[""English""],""regions"":[""India""]}",https://webcache.googleusercontent.com/search?q=cache:ORviMXqavUMJ:https://shop.unicornstore.in/airpods-pro-2nd-generation&cd=24&hl=en&ct=clnk&gl=in,Unicorn Store,"{""top"":{""detected_extensions"":{""price"":25555,""currency"":""â‚¹""},""extensions"":[""â‚¹25,555.00""]}}",,,,
15,Buy Apple Airpods online in India,https://www.myntra.com/apple-airpods,https://www.myntra.com â€º apple-airpods,,https://serpapi.com/searches/64d9e902c56d9318ff9b918b/images/f98115600c4c3d941dc9bee3e3f56212ed8456d046678d6724167c251f886553.jpeg,macmerise. Textured AirPods Pro Earbuds Case. 899 1199 (Rs. Â· TREEMODA. Airpods Case Cover & Keychain. 559 1999 (72% OFF) Â· Portronics. Harmonics Twins S5 Airpods.,"[""AirPods"",""Airpods"",""Airpods""]","{""keywords"":[""airpods""],""languages"":[""English""],""regions"":[""India""]}",https://webcache.googleusercontent.com/search?q=cache:51zJ0HW6AM8J:https://www.myntra.com/apple-airpods&cd=25&hl=en&ct=clnk&gl=in,Myntra,,,,,
16,The Best Apple AirPods to Buy in 2023,https://www.pcmag.com/picks/the-best-airpods,https://www.pcmag.com â€º ... â€º Audio â€º Headphones,,https://serpapi.com/searches/64d9e902c56d9318ff9b918b/images/f98115600c4c3d941dc9bee3e3f5621279d3cf037d606fa2492ed42c20afb6f3.png,"Apple sells four types of AirPods, including three sets of earphones and one pair of headphones. We compare them all to help you determine which is right ...","[""AirPods""]","{""keywords"":[""airpods""],""languages"":[""English""],""regions"":[""India""]}",https://webcache.googleusercontent.com/search?q=cache:mx8-MNkjmAIJ:https://www.pcmag.com/picks/the-best-airpods&cd=26&hl=en&ct=clnk&gl=in,PC Magazine,,,,,
17,"AirPods 3: Buyer's Guide, Should You Buy?",https://www.macrumors.com/roundup/airpods/,https://www.macrumors.com â€º roundup â€º airpods,,https://serpapi.com/searches/64d9e902c56d9318ff9b918b/images/f98115600c4c3d941dc9bee3e3f56212b60148b12c7aad156e8a6989b1cb6a75.png,"The third-generation AirPods are Apple's main wireless earbuds, featuring a streamlined design, force sensor controls, Adaptive EQ, ...","[""AirPods""]","{""keywords"":[""airpods""],""languages"":[""English""],""regions"":[""India""]}",https://webcache.googleusercontent.com/search?q=cache:8GZivTd5RdwJ:https://www.macrumors.com/roundup/airpods/&cd=27&hl=en&ct=clnk&gl=in,MacRumors,,https://www.google.com/search?safe=active&sca_esv=556695686&hl=en&gl=in&q=related:https://www.macrumors.com/roundup/airpods/+Airpods,19-Jun-23,,
18,AirPods Pro,https://ivenus.in/product-category/music/airpods-pro/,https://ivenus.in â€º product-category â€º music â€º airpods-...,,https://serpapi.com/searches/64d9e902c56d9318ff9b918b/images/f98115600c4c3d941dc9bee3e3f56212363fb295a9d85fca670baacad317deb9.png,AirPods Pro (2nd generation). Powered by Apple H2 chip; Up to 6 hours of listening time with a single charge; MagSafe Charging Case with speaker and lanyard ...,"[""AirPods""]","{""keywords"":[""airpods""],""languages"":[""English""],""regions"":[""India""]}",https://webcache.googleusercontent.com/search?q=cache:iFvo1E1d9hQJ:https://ivenus.in/product-category/music/airpods-pro/&cd=28&hl=en&ct=clnk&gl=in,iVenus,"{""top"":{""detected_extensions"":{""price"":26900,""currency"":""â‚¹""},""extensions"":[""â‚¹26,900.00""]}}",,,,
19,The new AirPods Pro | Quiet the noise | Apple - YouTube,https://www.youtube.com/watch?v=fVW8-px4Ufw,https://www.youtube.com â€º watch,https://i.ytimg.com/vi/fVW8-px4Ufw/mqdefault.jpg?sqp=-oaymwEFCJQBEFM&rs=AMzJL3kGyO2sSgmE4dk6S5fwT_4FXoG16w,https://serpapi.com/searches/64d9e902c56d9318ff9b918b/images/f98115600c4c3d941dc9bee3e3f56212538b2639397b36e548e1fcbd0ee59068.png,The new AirPods Pro. Up to 2x more Active Noise Cancellation than the previous generation. Learn more: https://apple.co/3Lxom2E Audio ...,,"{""keywords"":[""airpods""],""languages"":[""English""],""regions"":[""India""]}",,YouTube,"{""top"":{""extensions"":[""YouTube"",""Apple"",""15"",""Mar"",""2023""],""detected_extensions"":{""unknown"":2023}}}",,,https://encrypted-vtbn0.gstatic.com/video?q=tbn:ANd9GcRRKXbX9TzIZyFcxVCdZK-h1EJlb7fEgsDJbg,
20,Apple AirPods Pro (2nd Generation) with MagSafe ...,https://www.vijaysales.com/apple-airpods-pro-2nd-generation-with-magsafe-charger/22088,https://www.vijaysales.com â€º apple-airpods-pro-2nd-g...,,https://serpapi.com/searches/64d9e902c56d9318ff9b918b/images/f98115600c4c3d941dc9bee3e3f562122d5d6868b45a63504e830628999cbedb.png,"Apple AirPods Pro (2nd Generation) with MagSafe Charging Case ratings, features, specifications, Free Shipping, EMI option.","[""AirPods""]","{""keywords"":[""airpods""],""languages"":[""English""],""regions"":[""India""]}",https://webcache.googleusercontent.com/search?q=cache:pRm9OyJI-G4J:https://www.vijaysales.com/apple-airpods-pro-2nd-generation-with-magsafe-charger/22088&cd=30&hl=en&ct=clnk&gl=in,Vijay Sales,"{""top"":{""detected_extensions"":{""price"":24990,""currency"":""â‚¹ to â‚¹""},""extensions"":[""â‚¹24,990.00 to â‚¹26,900.00""]}}",,########,,
21,"Second Hand Airpods in India, Used Mobiles for sale in India",https://www.olx.in/mobiles_c1411/q-airpods,https://www.olx.in â€º Mobiles,,https://serpapi.com/searches/64d9e902c56d9318ff9b918b/images/f98115600c4c3d941dc9bee3e3f5621271cfcb51b84d79e1b6eda94602ea4e63.png,"Find the best Second Hand Airpods price in India! Used Airpods for sale in India. Refurbished & Seal Pack Airpods, iPhone X, iPhone 7, Poco F1, OnePlus 6t, ...","[""Airpods"",""Airpods"",""Airpods""]","{""keywords"":[""airpods""],""languages"":[""English""],""regions"":[""India""]}",https://webcache.googleusercontent.com/search?q=cache:jCu2jGXSMUUJ:https://www.olx.in/mobiles_c1411/q-airpods&cd=31&hl=en&ct=clnk&gl=in,OLX,,,,,
22,"Apple AirPods | Pro, Max, Wireless sound",https://appleinsider.com/inside/airpods,https://appleinsider.com â€º inside â€º airpods,,https://serpapi.com/searches/64d9e902c56d9318ff9b918b/images/f98115600c4c3d941dc9bee3e3f56212377c288af78f2430dbd47a99ea41b65d.png,"What makes something an ""AirPod"" is its Apple-first design and vertical hardware and software integration. In AirPods, the H1 chip leads to better battery life, ...","[""AirPod"",""AirPods""]","{""keywords"":[""airpods""],""related_keywords"":[""airpod""],""languages"":[""English""],""regions"":[""India""]}",https://webcache.googleusercontent.com/search?q=cache:ceyIxweeRBAJ:https://appleinsider.com/inside/airpods&cd=32&hl=en&ct=clnk&gl=in,AppleInsider,"{""top"":{""detected_extensions"":{""rating"":4},""extensions"":[""Rating: 4"",""â€ŽReview by Andrew O'Hara""]}}",,,,
23,Apple AirPods with Charging Case (2nd Generation),https://www.walmart.com/ip/Apple-AirPods-with-Charging-Case-2nd-Generation/604342441,https://www.walmart.com â€º Apple-AirPods-with-Char...,,https://serpapi.com/searches/64d9e902c56d9318ff9b918b/images/f98115600c4c3d941dc9bee3e3f5621251ac974ac26f9c9703f4b39c9d96c365.png,"The new AirPods combine intelligent design with breakthrough technology and crystal clear sound. Powered by the new Apple H1 headphone chip, AirPods now ...","[""AirPods"",""AirPods""]","{""keywords"":[""airpods""],""languages"":[""English""],""regions"":[""India""]}",https://webcache.googleusercontent.com/search?q=cache:lYkoErEhLSkJ:https://www.walmart.com/ip/Apple-AirPods-with-Charging-Case-2nd-Generation/604342441&cd=33&hl=en&ct=clnk&gl=in,Walmart,"{""top"":{""detected_extensions"":{""rating"":4.6,""reviews"":19935,""price"":99,""currency"":""$""},""extensions"":[""Rating: 4.6"",""â€Ž19,935 reviews"",""â€Ž$99.00"",""â€ŽIn stock""]}}",,,,
24,Apple AirPods (3rd Generation) with MagSafe Charging ...,https://www.costco.com/apple-airpods-3rd-generation-with-magsafe-charging-case.product.100806298.html,https://www.costco.com â€º apple-airpods-3rd-generatio...,,https://serpapi.com/searches/64d9e902c56d9318ff9b918b/images/f98115600c4c3d941dc9bee3e3f56212a2e99c49eabb55d4637a150a16490aca.png,Apple AirPods (3rd Generation) with MagSafe Charging Case Spatial Audio with Dynamic Head Tracking Places Sound All Around YouÂ¹ Adaptive EQ Automatically ...,"[""AirPods""]","{""keywords"":[""airpods""],""languages"":[""English""],""regions"":[""India""]}",https://webcache.googleusercontent.com/search?q=cache:QHnES_b_2Z4J:https://www.costco.com/apple-airpods-3rd-generation-with-magsafe-charging-case.product.100806298.html&cd=34&hl=en&ct=clnk&gl=in,Costco,"{""bottom"":{""extensions"":[""Connection Type: Wireless"",""Type of Headphones: In Ear""]}}",,,,
25,Apple AirPods for sale,https://www.ebay.com/b/Apple-AirPods/80077/bn_7114626158,https://www.ebay.com â€º ... â€º Headsets,,https://serpapi.com/searches/64d9e902c56d9318ff9b918b/images/f98115600c4c3d941dc9bee3e3f562129f488c8c4648b55385a24fcfc7fd790c.png,Shop for Apple AirPods. Apple AirPods 1st generation were launched in 2016 and they soon caught all the attention. These wireless AirPods became popular in ...,"[""AirPods"",""AirPods"",""AirPods""]","{""keywords"":[""airpods""],""languages"":[""English""],""regions"":[""India""]}",https://webcache.googleusercontent.com/search?q=cache:bd2golEQhd4J:https://www.ebay.com/b/Apple-AirPods/80077/bn_7114626158&cd=35&hl=en&ct=clnk&gl=in,eBay,"{""top"":{""detected_extensions"":{""rating"":4.7,""votes"":5600},""extensions"":[""Rating: 4.7"",""â€Ž5,600 votes""]}}",,,,
26,Apple AirPods Pro (2nd generation) True Wireless Stereo ...,https://www.gadgets360.com/apple-airpods-pro-2nd-generation-true-wireless-stereo-tws-earphones-price-in-india-112868,https://www.gadgets360.com â€º apple-airpods-pro-2nd...,,https://serpapi.com/searches/64d9e902c56d9318ff9b918b/images/f98115600c4c3d941dc9bee3e3f562123e980534a380730121bfb7328dc18c93.png,Apple AirPods Pro (2nd generation) True Wireless Stereo (TWS) Earphones best price is Rs. 13599 as on 14th August 2023.,"[""AirPods""]","{""keywords"":[""airpods""],""languages"":[""English""],""regions"":[""India""]}",https://webcache.googleusercontent.com/search?q=cache:twL3bGGS2m4J:https://www.gadgets360.com/apple-airpods-pro-2nd-generation-true-wireless-stereo-tws-earphones-price-in-india-112868&cd=36&hl=en&ct=clnk&gl=in,Gadgets 360,"{""top"":{""detected_extensions"":{""price"":13599,""currency"":""â‚¹ to â‚¹""},""extensions"":[""â‚¹13,599.00 to â‚¹26,900.00"",""â€ŽIn stock""]}}",,########,,
27,Apple AirPods Pro 2 wireless earbuds review,https://www.whathifi.com/reviews/apple-airpods-pro-2,https://www.whathifi.com â€º Reviews â€º Headphones,,https://serpapi.com/searches/64d9e902c56d9318ff9b918b/images/f98115600c4c3d941dc9bee3e3f56212fc174c45d38f02a07cb6e752f570ab5f.png,"The new AirPods Pro 2 impress with excellent noise-cancelling, seamless iOS use, and a five-star sound performance.","[""AirPods""]","{""keywords"":[""airpods""],""languages"":[""English""],""regions"":[""India""]}",https://webcache.googleusercontent.com/search?q=cache:qI-k1N3inUMJ:https://www.whathifi.com/reviews/apple-airpods-pro-2&cd=37&hl=en&ct=clnk&gl=in,What Hi-Fi?,"{""top"":{""detected_extensions"":{""rating"":5},""extensions"":[""Rating: 5"",""â€ŽReview by What Hi"",""Fi?""]}}",,28-Jul-23,,
28,The best AirPods of 2023: Pricing and features compared,https://www.zdnet.com/article/best-airpods/,https://www.zdnet.com â€º ... â€º Wearables â€º Headphones,,https://serpapi.com/searches/64d9e902c56d9318ff9b918b/images/f98115600c4c3d941dc9bee3e3f56212336aed8972ff577fdda2f4b192d7e4a7.png,"Apple wins again with its line of AirPods and AirPods Pro models, so it's just a matter of which one to buy. ZDNET has compared the best ...","[""AirPods"",""AirPods""]","{""keywords"":[""airpods""],""languages"":[""English""],""regions"":[""India""]}",https://webcache.googleusercontent.com/search?q=cache:RrnwgR23Jw8J:https://www.zdnet.com/article/best-airpods/&cd=38&hl=en&ct=clnk&gl=in,ZDNet,,,07-Apr-23,,
29,Apple Airpods (2nd Generation) With Charging Case,https://www.target.com/p/apple-airpods-2nd-generation-with-charging-case/-/A-54191097,https://www.target.com â€º Electronics â€º Kidsâ€™ Electronics,,https://serpapi.com/searches/64d9e902c56d9318ff9b918b/images/f98115600c4c3d941dc9bee3e3f56212cc9cfeb8b24a23b9d6bacdfaceee8a9e.png,AirPods deliver high-quality sound and voice-activated SiriÂ¹ for an unparalleled wireless headphone experience. They're ready to use with all of your devices.,"[""AirPods""]","{""keywords"":[""airpods""],""languages"":[""English""],""regions"":[""India""]}",https://webcache.googleusercontent.com/search?q=cache:7LrHVr58tXsJ:https://www.target.com/p/apple-airpods-2nd-generation-with-charging-case/-/A-54191097&cd=39&hl=en&ct=clnk&gl=in,Target,"{""top"":{""detected_extensions"":{""rating"":4.7,""reviews"":3098,""price"":99.99,""currency"":""$""},""extensions"":[""Rating: 4.7"",""â€Ž3,098 reviews"",""â€Ž$99.99"",""â€ŽIn stock""]},""bottom"":{""detected_extensions"":{""wireless_technology_true_wireless_maximum_battery_charge_life_hours_ear_cushion_material_abs_acrylonitrile_butad_electronics_features_siri_built"":5},""extensions"":[""Wireless Technology: True WirelessMaximum Battery Charge Life: 5 HoursEar Cushion Material: ABS (Acrylonitrile Butad...Electronics Features: Siri Built"",""in""]}}",,,,
30,Apple AirPods,https://9to5mac.com/guides/airpods/,https://9to5mac.com â€º guides â€º airpods,,https://serpapi.com/searches/64d9e902c56d9318ff9b918b/images/f98115600c4c3d941dc9bee3e3f56212df9c0724137d01fbd9218bf642526271.png,"AirPods are Apple's wireless, cord-free in-ear headphones, and were unveiled alongside the iPhone 7 on September 7, 2016. Priced at $159 they were originally ...","[""AirPods""]","{""keywords"":[""airpods""],""languages"":[""English""],""regions"":[""India""]}",https://webcache.googleusercontent.com/search?q=cache:jJI5QeeghgYJ:https://9to5mac.com/guides/airpods/&cd=40&hl=en&ct=clnk&gl=in,9to5Mac,,https://www.google.com/search?safe=active&sca_esv=556695686&hl=en&gl=in&q=related:https://9to5mac.com/guides/airpods/+Airpods,,,
31,AirPods,https://www.bestbuy.com/site/airpods-earpods/airpods/pcmcat1575047837167.c?id=pcmcat1575047837167,https://www.bestbuy.com â€º ... â€º Apple Headphones,,https://serpapi.com/searches/64d9e902c56d9318ff9b918b/images/f98115600c4c3d941dc9bee3e3f56212f7bf4c5044805e37ff2b7c6f94c204be.png,Shop for AirPods at Best Buy. Find the latest models of these wireless earbud headphones from Apple to fit your listening needs.,"[""AirPods""]","{""keywords"":[""airpods""],""languages"":[""English""],""regions"":[""India""]}",https://webcache.googleusercontent.com/search?q=cache:AgI0b4nhmxQJ:https://www.bestbuy.com/site/airpods-earpods/airpods/pcmcat1575047837167.c%3Fid%3Dpcmcat1575047837167&cd=41&hl=en&ct=clnk&gl=in,Best Buy,,,Items 1 - 9 of 9,,
32,These five new features are coming to AirPods Pro 2,https://timesofindia.indiatimes.com/gadgets-news/these-five-new-features-are-coming-to-airpods-pro-2/photostory/102613368.cms,https://timesofindia.indiatimes.com â€º photostory,,https://serpapi.com/searches/64d9e902c56d9318ff9b918b/images/f98115600c4c3d941dc9bee3e3f562122b7ab82e178b68d88fb590ac370a1089.png,AirPods Pro 2 is soon to get new feature with the coming iOS 17 update.,"[""AirPods""]","{""keywords"":[""airpods""],""languages"":[""English""],""regions"":[""India""]}",https://webcache.googleusercontent.com/search?q=cache:mlidLZfi6jIJ:https://timesofindia.indiatimes.com/gadgets-news/these-five-new-features-are-coming-to-airpods-pro-2/photostory/102613368.cms&cd=42&hl=en&ct=clnk&gl=in,The Times of India,,,4 days ago,,"[{""position"":1,""title"":""Reliance Digital India Sale: Deals and discounts available ..."",""link"":""https://timesofindia.indiatimes.com/gadgets-news/reliance-digital-india-sale-deals-and-discounts-available-on-smartphones-apple-airpods-washing-machine-and-other-gadgets/articleshow/102652249.cms"",""displayed_link"":""https://timesofindia.indiatimes.com â€º Gadgets News"",""date"":""3 days ago"",""snippet"":""The side-by-side refrigerator range is available at a starting price range of Rs 51,990. Apple AirPods Pro 2nd generation, originally priced at ..."",""snippet_highlighted_words"":[""AirPods""],""about_this_result"":{""keywords"":[""airpods""],""languages"":[""English""],""regions"":[""India""]},""cached_page_link"":""https://webcache.googleusercontent.com/search?q=cache:8TFqamF-8uIJ:https://timesofindia.indiatimes.com/gadgets-news/reliance-digital-india-sale-deals-and-discounts-available-on-smartphones-apple-airpods-washing-machine-and-other-gadgets/articleshow/102652249.cms&cd=43&hl=en&ct=clnk&gl=in""}]"
33,Apple AirPods - Discover Headphones & More,https://www.jbhifi.com.au/collections/headphones-speakers-audio/apple-airpods,https://www.jbhifi.com.au â€º ... â€º Headphones,,https://serpapi.com/searches/64d9e902c56d9318ff9b918b/images/f98115600c4c3d941dc9bee3e3f5621294aced8f1f6d7e2feb631932687fa6c0.png,The new AirPods Pro have been rebuilt to give you an audio experience like never before. Top touch control and big battery life. Browse Apple AirPods: AirPods ...,"[""AirPods"",""AirPods"",""AirPods""]","{""keywords"":[""airpods""],""languages"":[""English""],""regions"":[""India""]}",https://webcache.googleusercontent.com/search?q=cache:hnI15s-1fsYJ:https://www.jbhifi.com.au/collections/headphones-speakers-audio/apple-airpods&cd=44&hl=en&ct=clnk&gl=in,JB Hi-Fi,,,,,
34,Latest Airpod Models and Cheap Deals,https://www.currys.co.uk/tv-and-audio/headphones/headphones/airpods,https://www.currys.co.uk â€º ... â€º All headphones,,https://serpapi.com/searches/64d9e902c56d9318ff9b918b/images/f98115600c4c3d941dc9bee3e3f56212810ce83f9a0dc94bcd4d4054872225ea.png,"With their sleek, minimalist design and 3D, immersive sound, iPhone Airpods really are a classic product. But what about the lesser-known Airpods Max? These ...","[""Airpods"",""Airpods""]","{""keywords"":[""airpods""],""related_keywords"":[""airpod""],""languages"":[""English""],""regions"":[""India""]}",,Currys,,,,,
35,Apple AirPods (3rd generation) review,https://www.soundguys.com/apple-airpods-3rd-generation-review-61295/,https://www.soundguys.com â€º apple-airpods-3rd-gene...,,https://serpapi.com/searches/64d9e902c56d9318ff9b918b/images/f98115600c4c3d941dc9bee3e3f56212d036bfe71811e6f4c65319daae800821.png,Apple AirPods (3rd generation) review. Apple's ubiquitous true wireless earphones get an update. By Christian Thomas Lily Katz.,"[""AirPods""]","{""keywords"":[""airpods""],""languages"":[""English""],""regions"":[""India""]}",https://webcache.googleusercontent.com/search?q=cache:4Snu0N6cGKsJ:https://www.soundguys.com/apple-airpods-3rd-generation-review-61295/&cd=46&hl=en&ct=clnk&gl=in,SoundGuys,"{""top"":{""detected_extensions"":{""rating"":6.7},""extensions"":[""Rating: 6.7/10"",""â€ŽReview by Christian Thomas""]}}",,########,,
36,Apple AirPods with Charging Case,https://www.selfridges.com/GB/en/cat/apple-apple-airpods-with-charging-case_702-10054-MR8N2ZMA/,https://www.selfridges.com â€º ... â€º Lifestyle accessories,,,"""Now with more talk time, voice-activated Siri access â€“ Apple's AirPods deliver an unparalleled wireless headphone experience.","[""AirPods""]","{""keywords"":[""airpods""],""languages"":[""English""],""regions"":[""India""]}",https://webcache.googleusercontent.com/search?q=cache:AWV_mL4B8EIJ:https://www.selfridges.com/GB/en/cat/apple-apple-airpods-with-charging-case_702-10054-MR8N2ZMA/&cd=47&hl=en&ct=clnk&gl=in,Selfridges,"{""top"":{""detected_extensions"":{""price"":139,""currency"":""Â£""},""extensions"":[""Â£139.00""]}}",,,,
37,Apple AirPods Pro with Wireless MagSafe Charging Case ...,https://www.bhphotovideo.com/c/product/1726570-REG/apple_airpods_pro_with_wireless.html,https://www.bhphotovideo.com â€º 1726570-REG â€º ap...,,https://serpapi.com/searches/64d9e902c56d9318ff9b918b/images/f98115600c4c3d941dc9bee3e3f56212d5003212a9ed6361cdf7970c87a13ad9.png,"Buy Apple AirPods Pro with Wireless MagSafe Charging Case (2nd Generation) featuring Low-Distortion Driver & Custom Amplifier, Bluetooth 5.3 & Apple H2 Chip ...","[""AirPods""]","{""keywords"":[""airpods""],""languages"":[""English""],""regions"":[""India""]}",https://webcache.googleusercontent.com/search?q=cache:Q1SObl2310IJ:https://www.bhphotovideo.com/c/product/1726570-REG/apple_airpods_pro_with_wireless.html&cd=48&hl=en&ct=clnk&gl=in,B & H Photo Video,"{""top"":{""detected_extensions"":{""rating"":4.7,""reviews"":42,""price"":229,""currency"":""$""},""extensions"":[""Rating: 4.7"",""â€Ž42 reviews"",""â€Ž$229.00"",""â€ŽIn stock""]}}",,,,
38,Do AirPods Work With Android: What to Expect,https://www.headphonesty.com/2021/01/do-airpods-work-with-android/,https://www.headphonesty.com â€º 2021/01 â€º do-airpod...,,https://serpapi.com/searches/64d9e902c56d9318ff9b918b/images/f98115600c4c3d941dc9bee3e3f56212be93954c5fdc6de9280dab93f7d94904.png,How to Connect AirPods With Android Devices Â· Access Settings on your Android device. Â· Choose Connections. Â· Tap the toggle to turn on Bluetooth.,"[""AirPods""]","{""keywords"":[""airpods""],""languages"":[""English""],""regions"":[""India""]}",https://webcache.googleusercontent.com/search?q=cache:uazIZqt0WkUJ:https://www.headphonesty.com/2021/01/do-airpods-work-with-android/&cd=49&hl=en&ct=clnk&gl=in,Headphonesty,,,26-Jun-23,,
39,AirPods Deals & Pay Monthly Contracts,https://www.o2.co.uk/airpods,https://www.o2.co.uk â€º airpods,,https://serpapi.com/searches/64d9e902c56d9318ff9b918b/images/f98115600c4c3d941dc9bee3e3f562123cc0e3b6bd0af1cd32746f605c416d2b.png,"Our AirPods range. The wireless headphone experience, reimagined. At O2, we have the right pair for you. From AirPods Pro 3rd Generation to AirPods Max, ...","[""AirPods"",""AirPods"",""AirPods""]","{""keywords"":[""airpods""],""languages"":[""English""],""regions"":[""India""]}",https://webcache.googleusercontent.com/search?q=cache:dIYksWsaQcAJ:https://www.o2.co.uk/airpods&cd=50&hl=en&ct=clnk&gl=in,O2,,,,,
40,"What's Next for Apple's AirPods: Health Tracking, USB-C ...",https://www.bloomberg.com/news/newsletters/2023-07-02/apple-airpods-plans-hearing-test-body-temperature-cheaper-models-usb-c-ljlfwffu,https://www.bloomberg.com â€º news â€º newsletters â€º ap...,,https://serpapi.com/searches/64d9e902c56d9318ff9b918b/images/f98115600c4c3d941dc9bee3e3f56212fbf10bd33077e75f21194bf5c0380d32.png,"While the headset has built-in speakers, a special pairing algorithm with second-generation AirPods Pro models also exists. That's useful when ...","[""AirPods""]","{""keywords"":[""airpods""],""languages"":[""English""],""regions"":[""India""]}",https://webcache.googleusercontent.com/search?q=cache:4FrcsJ4IIUcJ:https://www.bloomberg.com/news/newsletters/2023-07-02/apple-airpods-plans-hearing-test-body-temperature-cheaper-models-usb-c-ljlfwffu&cd=51&hl=en&ct=clnk&gl=in,Bloomberg,,,02-Jul-23,,
41,Apple's AirPods Max Noise-Cancelling Headphones Are ...,https://www.etonline.com/apples-airpods-max-noise-cancelling-headphones-are-99-off-this-weekend-208618,https://www.etonline.com â€º apples-airpods-max-noise-...,,https://serpapi.com/searches/64d9e902c56d9318ff9b918b/images/f98115600c4c3d941dc9bee3e3f562123c95b9fc877561393480ca13e3e213c6.png,Apple's over-ear AirPods Max with premium sound and top noise-cancelling are $99 off at Amazon right now.,"[""AirPods""]","{""keywords"":[""airpods""],""languages"":[""English""],""regions"":[""India""]}",https://webcache.googleusercontent.com/search?q=cache:OX7zjAN5r9wJ:https://www.etonline.com/apples-airpods-max-noise-cancelling-headphones-are-99-off-this-weekend-208618&cd=52&hl=en&ct=clnk&gl=in,Entertainment Tonight,,,2 days ago,,
42,Buy Apple AirPods with Charging Case (2nd Generation),https://www.argos.co.uk/product/8814322,https://www.argos.co.uk â€º product,,https://serpapi.com/searches/64d9e902c56d9318ff9b918b/images/f98115600c4c3d941dc9bee3e3f5621282a7af5db45d7c6296a4923299f28edf.jpeg,About this product Â· Connection: true wireless. Â· Bluetooth enabled for a wireless connection to your devices . Â· In-line with microphone for calls and track ...,,"{""keywords"":[""airpods""],""languages"":[""English""],""regions"":[""India""]}",https://webcache.googleusercontent.com/search?q=cache:lKUSaAo_U0AJ:https://www.argos.co.uk/product/8814322&cd=53&hl=en&ct=clnk&gl=in,Argos,"{""top"":{""detected_extensions"":{""rating"":4.9,""votes"":7269,""price"":109,""currency"":""Â£""},""extensions"":[""Rating: 4.9"",""â€Ž7,269 votes"",""â€ŽÂ£109.00""]}}",,,,
43,10 ways to get better sound from your AirPods,https://www.tomsguide.com/opinion/how-to-set-up-the-airpods-for-the-best-sound,https://www.tomsguide.com â€º Opinion â€º Audio,,https://serpapi.com/searches/64d9e902c56d9318ff9b918b/images/f98115600c4c3d941dc9bee3e3f56212b81bb2ffb53c4305a85a7f9de48bb806.png,Want to get the best sound from your AirPods? These tips will help you get the ultimate audio experience from your Apple headphones.,"[""AirPods""]","{""keywords"":[""airpods""],""languages"":[""English""],""regions"":[""India""]}",https://webcache.googleusercontent.com/search?q=cache:Wd3wkTVeQkcJ:https://www.tomsguide.com/opinion/how-to-set-up-the-airpods-for-the-best-sound&cd=54&hl=en&ct=clnk&gl=in,Tom's Guide,,,2 days ago,,
44,AirPods | Switch Apple Premium Reseller in Malaysia,https://shop.switch.com.my/shop/AirPods~27,https://shop.switch.com.my â€º shop â€º AirPods~27,,https://serpapi.com/searches/64d9e902c56d9318ff9b918b/images/f98115600c4c3d941dc9bee3e3f56212ff1e895a344131a8256c73f42e1eeb31.png,Relevance Latest Name Price. New Sale. AirPods (3rd generation). From. from 1 RM 829.00. New Sale. AirPods with Charging Case (2019). from 1 RM 509.00.,"[""AirPods"",""AirPods""]","{""keywords"":[""airpods""],""languages"":[""English""],""regions"":[""India""]}",https://webcache.googleusercontent.com/search?q=cache:fXVziD4rxaMJ:https://shop.switch.com.my/shop/AirPods~27&cd=55&hl=en&ct=clnk&gl=in,Switch Apple Premium Reseller in Malaysia,,,,,
45,Apple Airpods Pro (2nd Gen/2022) MQD83AM/A / ...,https://stockx.com/apple-airpods-pro-2nd-gen-2022-mqd83am-a-white,https://stockx.com â€º electronics â€º Apple,,https://serpapi.com/searches/64d9e902c56d9318ff9b918b/images/f98115600c4c3d941dc9bee3e3f56212ad1109762b46882c1d5cd8804a476ba7.png,"Buy and sell StockX Verified Apple and other limited edition collectibles on StockX, including the Apple Airpods Pro (2nd Gen/2022) MQD83AM/A / MQD83ZM/A ...","[""Airpods""]","{""keywords"":[""airpods""],""languages"":[""English""],""regions"":[""India""]}",https://webcache.googleusercontent.com/search?q=cache:Y_OfkUeu090J:https://stockx.com/apple-airpods-pro-2nd-gen-2022-mqd83am-a-white&cd=56&hl=en&ct=clnk&gl=in,StockX,"{""top"":{""detected_extensions"":{""price"":267,""currency"":""$""},""extensions"":[""$267.00"",""â€ŽIn stock""]},""bottom"":{""detected_extensions"":{""wireless_networking_bluetooth"":5.3,""release_date"":9,""price"":250,""currency"":""Retail Price $""},""extensions"":[""Wireless Networking: Bluetooth 5.3"",""Color: White"",""Release Date: 09/23/2022"",""Retail Price: $250""]}}",,,,
46,Apple Loop: Massive iPhone 15 Pro Upgrade ...,https://www.forbes.com/sites/ewanspence/2023/08/11/apple-headlines-iphone-15-pro-specs-leak-airpods-3-m3-max-launch-dates/,https://www.forbes.com â€º ewanspence â€º 2023/08/11,,https://serpapi.com/searches/64d9e902c56d9318ff9b918b/images/f98115600c4c3d941dc9bee3e3f5621275f698658b2d4d25b306d113bde2b1b8.png,"This week's Apple headlines; the iPhone Pro's massive upgrade, the M3 Max leaks, an AirPods 3, iPhone launch date details, a new band for ...","[""AirPods""]","{""keywords"":[""airpods""],""languages"":[""English""],""regions"":[""India""]}",https://webcache.googleusercontent.com/search?q=cache:LJ27irlatAsJ:https://www.forbes.com/sites/ewanspence/2023/08/11/apple-headlines-iphone-15-pro-specs-leak-airpods-3-m3-max-launch-dates/&cd=57&hl=en&ct=clnk&gl=in,Forbes,,,3 days ago,,
47,AirPods 2 and MacBook Air M2 get massive discounts ...,https://www.indiatoday.in/technology/news/story/airpods-2-iphone-13-and-macbook-air-m2-get-massive-discounts-during-flipkart-independence-day-sale-2418090-2023-08-08,https://www.indiatoday.in â€º Technology â€º News,,https://serpapi.com/searches/64d9e902c56d9318ff9b918b/images/f98115600c4c3d941dc9bee3e3f562128e11ac990eb00dfb1a6ac9fe2b605482.png,"Flipkart's Independence Day sale is still going on and will continue till the end of August 9. People who have been planning to buy AirPods, ...","[""AirPods""]","{""keywords"":[""airpods""],""languages"":[""English""],""regions"":[""India""]}",https://webcache.googleusercontent.com/search?q=cache:w_HDBdHqPcoJ:https://www.indiatoday.in/technology/news/story/airpods-2-iphone-13-and-macbook-air-m2-get-massive-discounts-during-flipkart-independence-day-sale-2418090-2023-08-08&cd=58&hl=en&ct=clnk&gl=in,India Today,,,6 days ago,,
48,AirPods: The ultimate guide,https://www.imore.com/airpods,https://www.imore.com â€º airpods,,https://serpapi.com/searches/64d9e902c56d9318ff9b918b/images/f98115600c4c3d941dc9bee3e3f5621244fd210f5157307a98312f2855dd9c2a.png,"AirPods have no physical buttons. You can, however, double tap the entire earbud to either invoke Siri or to play/pause audio. With AirPods, you can also call ...","[""AirPods"",""AirPods""]","{""keywords"":[""airpods""],""languages"":[""English""],""regions"":[""India""]}",https://webcache.googleusercontent.com/search?q=cache:QtbXjgiZCTgJ:https://www.imore.com/airpods&cd=59&hl=en&ct=clnk&gl=in,iMore,,,,,
49,Apple AirPods Pro (2019) review,https://www.techradar.com/reviews/apple-airpods-pro-review,https://www.techradar.com â€º ... â€º Earbuds & Airpods,,https://serpapi.com/searches/64d9e902c56d9318ff9b918b/images/f98115600c4c3d941dc9bee3e3f56212e7f5a203eb8f2807bfc84107fe1a0105.png,We've put the AirPods Pro (2019) to the test â€“ and we're mightily impressed with the Apple earbuds.,"[""AirPods""]","{""keywords"":[""airpods""],""languages"":[""English""],""regions"":[""India""]}",https://webcache.googleusercontent.com/search?q=cache:TTKANYflxogJ:https://www.techradar.com/reviews/apple-airpods-pro-review&cd=60&hl=en&ct=clnk&gl=in,TechRadar,"{""top"":{""detected_extensions"":{""rating"":4.5},""extensions"":[""Rating: 4.5"",""â€ŽReview by Gareth Beavis""]}}",,########,,
50,Apple AirPods,https://www.officeworks.com.au/shop/officeworks/c/technology/headphones-earphones/apple-airpods,https://www.officeworks.com.au â€º headphones-earphones,,https://serpapi.com/searches/64d9e902c56d9318ff9b918b/images/f98115600c4c3d941dc9bee3e3f56212eba8cf89eb70e0e63526568f5fb7e2fa.png,Apple AirPods. apple airpods pro. Which AirPods are right for you?Explore ...,"[""AirPods"",""airpods"",""AirPods""]","{""keywords"":[""airpods""],""languages"":[""English""],""regions"":[""India""]}",,Officeworks,,,,,
51,Best AirPods deals: Save on AirPods Pro and AirPods Max,https://www.digitaltrends.com/home-theater/best-apple-airpods-deals/,https://www.digitaltrends.com â€º Audio / Video â€º Deals,,https://serpapi.com/searches/64d9e902c56d9318ff9b918b/images/f98115600c4c3d941dc9bee3e3f56212cbe827f95d889ba1d8414d14d3ccc863.jpeg,"We've got all the best AirPods deals in one place, along with some key insight into any questions you may have about them.","[""AirPods""]","{""keywords"":[""airpods""],""languages"":[""English""],""regions"":[""India""]}",https://webcache.googleusercontent.com/search?q=cache:7xN1GhKwdo8J:https://www.digitaltrends.com/home-theater/best-apple-airpods-deals/&cd=62&hl=en&ct=clnk&gl=in,Digital Trends,,,31-Jul-23,,
52,Apple AirPods price tracker: When to buy Apple headphones,https://www.cbsnews.com/essentials/apple-airpods-price-tracker-when-to-buy-2023-08-04/,https://www.cbsnews.com â€º essentials â€º apple-airpods-...,,https://serpapi.com/searches/64d9e902c56d9318ff9b918b/images/f98115600c4c3d941dc9bee3e3f5621201f18e91e444e0c3efc5d2c7c65fed67.png,"They come in a variety of colors including blue, green, red and silver. They're also compatible with Siri. The AirPods Max are the priciest ...","[""AirPods""]","{""keywords"":[""airpods""],""languages"":[""English""],""regions"":[""India""]}",https://webcache.googleusercontent.com/search?q=cache:lmxvjiEvPzAJ:https://www.cbsnews.com/essentials/apple-airpods-price-tracker-when-to-buy-2023-08-04/&cd=63&hl=en&ct=clnk&gl=in,CBS News,,,########,,
53,Apple AirPods second-gen review: even more wireless,https://www.theverge.com/2019/3/29/18286012/apple-airpods-2-new-2nd-gen-review-price-specs-features,https://www.theverge.com â€º apple-airpods-2-new-2nd...,,https://serpapi.com/searches/64d9e902c56d9318ff9b918b/images/f98115600c4c3d941dc9bee3e3f562123b6f1efe83a562d2189ac631ef8a67fa.png,Apple is selling the second-gen AirPods in two ways: with the new wireless charging case for $199 or with the standard case for the same $159 as ...,"[""AirPods""]","{""keywords"":[""airpods""],""languages"":[""English""],""regions"":[""India""]}",https://webcache.googleusercontent.com/search?q=cache:HEXefuZaVcwJ:https://www.theverge.com/2019/3/29/18286012/apple-airpods-2-new-2nd-gen-review-price-specs-features&cd=64&hl=en&ct=clnk&gl=in,The Verge,"{""top"":{""detected_extensions"":{""rating"":8.5,""price"":169.99,""currency"":""$ to $""},""extensions"":[""Rating: 8.5/10"",""â€ŽReview by Dan Seifert"",""â€Ž$169.99 to $199.00""]}}",,########,,
54,Apple AirPods with Wired Charging Case (2nd Generation),https://www.samsclub.com/p/apple-airpods-wired-charging-case-2nd-generation/prod23012641,https://www.samsclub.com â€º ... â€º Audio,,https://serpapi.com/searches/64d9e902c56d9318ff9b918b/images/f98115600c4c3d941dc9bee3e3f56212c5e6f811eb9682a7a7b790bb8cf8d450.png,"AirPods combine an iconic design and high-quality sound. Providing a magical wireless experience, hands-free â€œHey Siri,â€1 and a fit that's comfortable all ...","[""AirPods""]","{""keywords"":[""airpods""],""languages"":[""English""],""regions"":[""India""]}",https://webcache.googleusercontent.com/search?q=cache:sqs55slKuRQJ:https://www.samsclub.com/p/apple-airpods-wired-charging-case-2nd-generation/prod23012641&cd=65&hl=en&ct=clnk&gl=in,Sam's Club,"{""top"":{""detected_extensions"":{""rating"":4.4,""reviews"":5787,""price"":119.98,""currency"":""$""},""extensions"":[""Rating: 4.4"",""â€Ž5,787 reviews"",""â€Ž$119.98"",""â€ŽIn stock""]}}",,,,
55,Using Bluetooth headphones with Zoom,https://support.zoom.us/hc/en-us/articles/12610836866317-Using-Bluetooth-headphones-with-Zoom,https://support.zoom.us â€º en-us â€º articles â€º 12610836...,,https://serpapi.com/searches/64d9e902c56d9318ff9b918b/images/f98115600c4c3d941dc9bee3e3f5621287748603bb99e0310d56e8b1850937fa.png,"You can use Bluetooth headphones, such as Apple AirPods, in a Zoom meeting as the speaker and microphone. Note: While in a Zoom meeting...","[""AirPods""]","{""keywords"":[""airpods""],""languages"":[""English""],""regions"":[""India""]}",https://webcache.googleusercontent.com/search?q=cache:uziKZoTPszYJ:https://support.zoom.us/hc/en-us/articles/12610836866317-Using-Bluetooth-headphones-with-Zoom&cd=66&hl=en&ct=clnk&gl=in,Zoom,,,########,,
56,Airpods & Earpods | Tech & Audio,https://www.bigw.com.au/tech-audio/apple/airpods-earpods/c/63270116,https://www.bigw.com.au â€º ... â€º Airpods & Earpods,,https://serpapi.com/searches/64d9e902c56d9318ff9b918b/images/f98115600c4c3d941dc9bee3e3f56212cfa9a20a5abca2d1c10940f889579aff.png,Amplify and get the most out of your Apple devices with BIG W's range of Apple Earpods and Apple Airpods. Combining intelligent design with breakthrough ...,"[""Airpods""]","{""keywords"":[""airpods""],""languages"":[""English""],""regions"":[""India""]}",https://webcache.googleusercontent.com/search?q=cache:-4Nlzx9xPmMJ:https://www.bigw.com.au/tech-audio/apple/airpods-earpods/c/63270116&cd=67&hl=en&ct=clnk&gl=in,Big W,,,,,
57,AirPods Range,https://www.istore.co.za/airpods/shop-airpods-range,https://www.istore.co.za â€º airpods â€º shop-airpods-range,,https://serpapi.com/searches/64d9e902c56d9318ff9b918b/images/f98115600c4c3d941dc9bee3e3f5621213a2720e083764a7fffe9d8dd7bb81ae.png,Shop the latest Apple AirPods range at iStore. Apple AirPods and AirPods Max earphones guarantee the best sound experience to couple with your other Apple ...,"[""AirPods"",""AirPods"",""AirPods""]","{""keywords"":[""airpods""],""languages"":[""English""],""regions"":[""India""]}",https://webcache.googleusercontent.com/search?q=cache:sBj0V647wZkJ:https://www.istore.co.za/airpods/shop-airpods-range&cd=68&hl=en&ct=clnk&gl=in,iStore,,,,,
58,Apple AirPods Pro 2 are back on sale at Amazon for ...,https://www.cbssports.com/essentials/news/best-amazon-prime-day-deals-on-apple-airpods-2023-08-08/,https://www.cbssports.com â€º essentials â€º news â€º best-a...,,https://serpapi.com/searches/64d9e902c56d9318ff9b918b/images/f98115600c4c3d941dc9bee3e3f562128292f28bea2cb33d842af41e24d1d36d.png,Apple AirPods (second generation): $99 Â· Best Apple AirPods you can get under $100 Â· 24 hours of battery life with the included wired charging ...,"[""AirPods"",""AirPods""]","{""keywords"":[""airpods""],""languages"":[""English""],""regions"":[""India""]}",https://webcache.googleusercontent.com/search?q=cache:YC3rir41_Y8J:https://www.cbssports.com/essentials/news/best-amazon-prime-day-deals-on-apple-airpods-2023-08-08/&cd=69&hl=en&ct=clnk&gl=in,CBS Sports,,,6 days ago,,
59,"Big Discounts on AirPods Pro 2, Apple Watch S8, iPad ...",https://www.timesnownews.com/technology-science/reliance-digital-unveils-unmatched-savings-with-the-digital-india-sale-article-102647069,https://www.timesnownews.com â€º technology-science,,https://serpapi.com/searches/64d9e902c56d9318ff9b918b/images/f98115600c4c3d941dc9bee3e3f5621217fafb33fa40661d74a7089b45d94ba5.jpeg,"Big Discounts on AirPods Pro 2, Apple Watch S8, iPad, iPhone: Reliance Digital Unveils Unmatched Savings with â€œThe Digital India Saleâ€.","[""AirPods""]","{""keywords"":[""airpods""],""languages"":[""English""],""regions"":[""India""]}",https://webcache.googleusercontent.com/search?q=cache:NEmG9IK_6BEJ:https://www.timesnownews.com/technology-science/reliance-digital-unveils-unmatched-savings-with-the-digital-india-sale-article-102647069&cd=70&hl=en&ct=clnk&gl=in,Times Now,,,3 days ago,,
60,Best Apple Deals: AirPods Are on Sale for Just $99,https://www.billboard.com/culture/product-recommendations/apple-deals-2023-airpods-pro-sale-9563120/,https://www.billboard.com â€º product-recommendations,,https://serpapi.com/searches/64d9e902c56d9318ff9b918b/images/f98115600c4c3d941dc9bee3e3f56212cffe10ba519bc6326fe45349e2877b65.png,"Whether you're shopping for a gift or picking up something new for yourself, get a discount on Apple's best-selling AirPods starting at just $99 ...","[""AirPods""]","{""keywords"":[""airpods""],""languages"":[""English""],""regions"":[""India""]}",https://webcache.googleusercontent.com/search?q=cache:L_ks6LtUCfQJ:https://www.billboard.com/culture/product-recommendations/apple-deals-2023-airpods-pro-sale-9563120/&cd=71&hl=en&ct=clnk&gl=in,Billboard,,,3 days ago,,
61,Apple AirPods - Openbox,https://openbox.ca/collections/apple-airpods,https://openbox.ca â€º collections â€º apple-airpods,,https://serpapi.com/searches/64d9e902c56d9318ff9b918b/images/f98115600c4c3d941dc9bee3e3f56212a80e1ea99a635cf794acf4270de8e38b.png,Apple AirPods Pro (1st & 2nd Generation) Ear Tips (S/L) - Open Box ( 90 Day Warranty ). From $4.99. Available onlineAvailable in store.,"[""AirPods""]","{""keywords"":[""airpods""],""languages"":[""English""],""regions"":[""India""]}",https://webcache.googleusercontent.com/search?q=cache:R41g3oe_BkMJ:https://openbox.ca/collections/apple-airpods&cd=72&hl=en&ct=clnk&gl=in,openbox.ca,,,Products 1 - 9 of 9,,
62,Can the AirPods Pro Protect Your Hearing? We Put Them ...,https://www.nytimes.com/wirecutter/blog/can-airpods-pro-protect-your-hearing/,https://www.nytimes.com â€º wirecutter â€º blog â€º can-air...,,https://serpapi.com/searches/64d9e902c56d9318ff9b918b/images/f98115600c4c3d941dc9bee3e3f56212ae3202e2f367e79b43329ac0d63af7aa.png,"Can earbuds provide adequate hearing protection for loud concerts? We tested several popular earbuds, including the AirPods Pro, ...","[""AirPods""]","{""keywords"":[""airpods""],""languages"":[""English""],""regions"":[""India""]}",https://webcache.googleusercontent.com/search?q=cache:bkGsLtZnHkUJ:https://www.nytimes.com/wirecutter/blog/can-airpods-pro-protect-your-hearing/&cd=73&hl=en&ct=clnk&gl=in,The New York Times,"{""bottom"":{""extensions"":[""Loop Experience earplugs:"",""203M foam earplugs:"",""19""],""detected_extensions"":{""price"":203,""currency"":""M foam earplugs"",""unknown"":19}}}",,########,,
63,airpods pro,https://retakersfxg.hypohounds.co.uk/jpx/airpods-pro/,https://retakersfxg.hypohounds.co.uk â€º jpx â€º airpods-pro,,,Apple AirPods Pro (2nd Generation) Review | PCMag ... The second-generation AirPods Pro are a strong rebuttal to the Bose QuietComfort Earbuds II. At $249 Apple's ...,"[""AirPods"",""AirPods""]","{""keywords"":[""airpods""],""languages"":[""English""],""regions"":[""India""]}",,Hypo Hounds,,,,,
64,Apple AirPods 2e generatie,https://www.refurbished.store/audio/airpods-2-case,https://www.refurbished.store â€º audio â€º airpods-2-case,,https://serpapi.com/searches/64d9e902c56d9318ff9b918b/images/f98115600c4c3d941dc9bee3e3f562124a3e96c6f5d5dcbd9cd9158feb5d523a.png,Apple Airpods - Draadloze oordopjes van hoge kwaliteit. Geniet van al je muziek. Werkt automatisch met je iPhone. Vandaag besteld = Morgen in huis!,"[""Airpods""]","{""keywords"":[""airpods""],""languages"":[""English""],""regions"":[""India""]}",https://webcache.googleusercontent.com/search?q=cache:gtfV-K9N5MoJ:https://www.refurbished.store/audio/airpods-2-case&cd=75&hl=en&ct=clnk&gl=in,Refurbished.store,,,,,
65,AirPods Pro (2nd generation),https://www.applegadgetsbd.com/product/airpods-pro-2nd-generation,https://www.applegadgetsbd.com â€º product â€º airpods-...,,https://serpapi.com/searches/64d9e902c56d9318ff9b918b/images/f98115600c4c3d941dc9bee3e3f56212c768f510e4c92083c23f5dfe76b74de1.png,AirPod Pro 2nd Generation Features. Immersive Audio Performance (H2 Chipset). This 2nd generation of Apple AirPods is constructed with H2 Chipset. This improved ...,"[""AirPod"",""AirPods""]","{""keywords"":[""airpods""],""related_keywords"":[""airpod""],""languages"":[""English""],""regions"":[""India""]}",https://webcache.googleusercontent.com/search?q=cache:H1sSAd55g0oJ:https://www.applegadgetsbd.com/product/airpods-pro-2nd-generation&cd=76&hl=en&ct=clnk&gl=in,Apple Gadgets,,,,,
66,Score a Pair of Factory Reconditioned Apple AirPods Max ...,https://www.ign.com/articles/deal-alert-apple-airpods-max-heaphones,https://www.ign.com â€º articles â€º deal-alert-apple-airpo...,,https://serpapi.com/searches/64d9e902c56d9318ff9b918b/images/f98115600c4c3d941dc9bee3e3f56212e4ec2511df5ad943a5e5960256285cc0.png,"Today, Woot has a pair of Apple Certified Reconditioned AirPods Max headphones for $369.99, a hefty $170 (33%) price drop from the original MSRP ...","[""AirPods""]","{""keywords"":[""airpods""],""languages"":[""English""],""regions"":[""India""]}",https://webcache.googleusercontent.com/search?q=cache:4Ulpxw4Oj14J:https://www.ign.com/articles/deal-alert-apple-airpods-max-heaphones&cd=77&hl=en&ct=clnk&gl=in,IGN,"{""top"":{""detected_extensions"":{""price"":369.99,""currency"":""$""},""extensions"":[""$369.99""]}}",,3 days ago,,
67,Apple AirPods 3 Review - Check the A/B Sound Test,https://headphonesaddict.com/apple-airpods-3-review/,https://headphonesaddict.com â€º apple-airpods-3-review,,https://serpapi.com/searches/64d9e902c56d9318ff9b918b/images/f98115600c4c3d941dc9bee3e3f56212e3a621df048806cf39f0330a7f2c8ef4.png,Apple AirPods are mainly responsible for the insane increase in TWS earbuds' popularity. While there were other wireless earbuds before them ...,"[""AirPods""]","{""keywords"":[""airpods""],""languages"":[""English""],""regions"":[""India""]}",https://webcache.googleusercontent.com/search?q=cache:-ZobXKUtDaIJ:https://headphonesaddict.com/apple-airpods-3-review/&cd=78&hl=en&ct=clnk&gl=in,HeadphonesAddict,"{""top"":{""detected_extensions"":{""rating"":3.6},""extensions"":[""Rating: 3.6"",""â€ŽReview by Peter Susic""]}}",,########,,
68,There's No Link Between Apple AirPods and Cancer,https://www.healthline.com/health/do-airpods-cause-cancer,https://www.healthline.com â€º do-airpods-cause-cancer,,https://serpapi.com/searches/64d9e902c56d9318ff9b918b/images/f98115600c4c3d941dc9bee3e3f56212472a6fd86806ccba60e56ea7aa84c397.png,Do any earbuds cause cancer? Cellphones; Summary. Apple AirPods are a wireless Bluetooth earbud first released in 2016. A rumor has been ...,"[""AirPods""]","{""keywords"":[""airpods""],""languages"":[""English""],""regions"":[""India""]}",https://webcache.googleusercontent.com/search?q=cache:iYUzQ2TgaEMJ:https://www.healthline.com/health/do-airpods-cause-cancer&cd=79&hl=en&ct=clnk&gl=in,Healthline,,,########,,
69,Student cleared in stolen AirPods case after 3-year ticket ...,https://news.yahoo.com/student-cleared-in-stolen-airpods-case-after-3-year-ticket-battle-192335863.html,https://news.yahoo.com â€º student-cleared-in-stolen-air...,,https://serpapi.com/searches/64d9e902c56d9318ff9b918b/images/f98115600c4c3d941dc9bee3e3f562126ef59dfb7e79b9c67a96a0728710f4db.png,... Amara Harris had not violated Naperville's theft ordinance and cleared her of having to pay a $120 ticket for stealing a pair of AirPods.,"[""AirPods""]","{""keywords"":[""airpods""],""languages"":[""English""],""regions"":[""India""]}",https://webcache.googleusercontent.com/search?q=cache:Hr3ZyEWvDHIJ:https://news.yahoo.com/student-cleared-in-stolen-airpods-case-after-3-year-ticket-battle-192335863.html&cd=80&hl=en&ct=clnk&gl=in,Yahoo News,,,3 days ago,,
70,"AirPods Pro 2nd Gen Review: Better Sound, Improved ...",https://www.rollingstone.com/product-recommendations/lifestyle/apple-airpods-pro-2nd-gen-review-1234597473/,https://www.rollingstone.com â€º lifestyle â€º apple-airpo...,,https://serpapi.com/searches/64d9e902c56d9318ff9b918b/images/f98115600c4c3d941dc9bee3e3f56212f732882e1d61255be159aac57f95cf78.png,"Apple's 2nd Generation AirPods Pro are a marked improvement over their predecessor with improved noise cancellation, better sound, ...","[""AirPods""]","{""keywords"":[""airpods""],""languages"":[""English""],""regions"":[""India""]}",https://webcache.googleusercontent.com/search?q=cache:nUVGBUkfHL4J:https://www.rollingstone.com/product-recommendations/lifestyle/apple-airpods-pro-2nd-gen-review-1234597473/&cd=81&hl=en&ct=clnk&gl=in,Rolling Stone,,,########,,
71,The AirPods Pro 2 are the new gold standard for Apple ...,https://www.cnn.com/cnn-underscored/reviews/airpods-pro-2,https://www.cnn.com â€º cnn-underscored â€º reviews â€º airp...,,https://serpapi.com/searches/64d9e902c56d9318ff9b918b/images/f98115600c4c3d941dc9bee3e3f5621216ad0c8b3ec1f9e65d1d635567f548bf.png,"The AirPods Pro 2 are as good as it gets for Apple users, offering some of the best sound, controls and active noise cancellation you can ...","[""AirPods""]","{""keywords"":[""airpods""],""languages"":[""English""],""regions"":[""India""]}",,CNN.com,"{""top"":{""detected_extensions"":{""price"":200,""currency"":""$ to $""},""extensions"":[""$200.00 to $249.00""]}}",,########,,
72,airpods pro,https://armlockewa.cotebrookshirehorses.co.uk/jpx/airpods-pro/,https://armlockewa.cotebrookshirehorses.co.uk â€º jpx â€º ai...,,https://serpapi.com/searches/64d9e902c56d9318ff9b918b/images/f98115600c4c3d941dc9bee3e3f562122088402ecfb642c4bbd7e8f226625ca5.png,The second-generation AirPods Pro are a strong rebuttal to the Bose QuietComfort Earbuds II. At $249 Apple's flagship noise-cancelling true wireless ...,"[""AirPods""]","{""keywords"":[""airpods""],""languages"":[""English""],""regions"":[""India""]}",,Cotebrook,,,,,
73,AirPods Pro (2nd Generation) Review: Meet Apple's Best ...,https://www.bestproducts.com/tech/gadgets/a41314755/airpods-pro-2nd-generation-review/,https://www.bestproducts.com â€º tech â€º gadgets â€º airpo...,,https://serpapi.com/searches/64d9e902c56d9318ff9b918b/images/f98115600c4c3d941dc9bee3e3f56212042be6da10323fa57d66390d39840b7e.png,APPLE AIRPODS (2ND GENERATION) AT A GLANCE Â· Excellent sound and noise cancellation Â· Exceptional comfort and convenient controls Â· Up to 6 hours ...,"[""AIRPODS""]","{""keywords"":[""airpods""],""languages"":[""English""],""regions"":[""India""]}",https://webcache.googleusercontent.com/search?q=cache:cz3Vz9CDZjIJ:https://www.bestproducts.com/tech/gadgets/a41314755/airpods-pro-2nd-generation-review/&cd=84&hl=en&ct=clnk&gl=in,Best Products,"{""top"":{""detected_extensions"":{""price"":199,""currency"":""$ to $""},""extensions"":[""$199.00 to $249.00""]}}",,########,,
74,Airpods apk,https://9ivw.boogni.de/,https://9ivw.boogni.de,,,"Keep the case's lid open. AdBlock. 5 8 Reviews 1. Features: Work with AirPods 1, 2, 3, AirPods Pro 1, 2, AirPods Max & Powerbeats Pro.","[""AirPods"",""AirPods"",""AirPods""]","{""keywords"":[""airpods""],""languages"":[""English""],""regions"":[""India""]}",https://webcache.googleusercontent.com/search?q=cache:qpp0qooKwJgJ:https://9ivw.boogni.de/&cd=85&hl=en&ct=clnk&gl=in,boogni.de,,,1 day ago,,
75,Apple AirPods Pro (2nd Generation) Review,https://www.businessinsider.com/guides/tech/apple-airpods-2nd-generation-review,https://www.businessinsider.com â€º Reviews â€º Tech,,https://serpapi.com/searches/64d9e902c56d9318ff9b918b/images/f98115600c4c3d941dc9bee3e3f56212c38eaa1d85a41e169bf06b479d56e14d.png,"The newest AirPods Pro look identical to their predecessors, but the meaningful upgrades come with how they perform. You can thank Apple's all- ...","[""AirPods""]","{""keywords"":[""airpods""],""languages"":[""English""],""regions"":[""India""]}",https://webcache.googleusercontent.com/search?q=cache:AGOUHBGvfxQJ:https://www.businessinsider.com/guides/tech/apple-airpods-2nd-generation-review&cd=86&hl=en&ct=clnk&gl=in,Business Insider,,,28-Jun-23,,
76,AirPods Are a Tragedy,https://www.vice.com/en/article/neaz3d/airpods-are-a-tragedy,https://www.vice.com â€º Home â€º Tech,,https://serpapi.com/searches/64d9e902c56d9318ff9b918b/images/f98115600c4c3d941dc9bee3e3f56212ded4bee923567167b3047d3403d80a7d.png,Apple claims that AirPods are building a â€œwireless future.â€ Many people think they're a symbol of disposable wealth. The truth is bleaker.,"[""AirPods""]","{""keywords"":[""airpods""],""languages"":[""English""],""regions"":[""India""]}",https://webcache.googleusercontent.com/search?q=cache:DsKr1cyPsDYJ:https://www.vice.com/en/article/neaz3d/airpods-are-a-tragedy&cd=87&hl=en&ct=clnk&gl=in,Vice,,,########,,
77,Why Apple AirPods are the best wireless earbuds of 2020,https://www.nbcnews.com/select/shopping/apple-airpods-2-best-earbuds-ncna1233263,https://www.nbcnews.com â€º select â€º shopping â€º apple-air...,,https://serpapi.com/searches/64d9e902c56d9318ff9b918b/images/f98115600c4c3d941dc9bee3e3f5621277be4b96d67f16a83ad7ac46fbddfdc7.png,"The Apple AirPods, workout earbuds pulling double-duty as everyday earbuds, have become a major plus for my busy, ever-moving life.","[""AirPods""]","{""keywords"":[""airpods""],""languages"":[""English""],""regions"":[""India""]}",,NBC News,"{""top"":{""detected_extensions"":{""price"":139,""currency"":""$ to $""},""extensions"":[""$139.00 to $199.99""]}}",,09-Jul-20,,
78,Airpods - falabella.com,https://www.falabella.com/falabella-cl/collection/airpods,https://www.falabella.com â€º falabella-cl â€º collection â€º air...,,https://serpapi.com/searches/64d9e902c56d9318ff9b918b/images/f98115600c4c3d941dc9bee3e3f5621248b6041456ab7550202c0b4e3762710b.png,Disfruta tu mÃºsica favorita con la comodidad de los Airpods disponibles en falabella.com. Compra aquÃ­ los audÃ­fonos inalÃ¡mbricos de Apple al mejor precio.,"[""Airpods""]","{""keywords"":[""airpods""],""languages"":[""English""],""regions"":[""India""]}",,falabella.com,,,,,
79,AirPods (2e gÃ©nÃ©ration),https://www.sfr.fr/accessoires/details/apple-airpods-boitier-recharge,https://www.sfr.fr â€º details â€º apple-a...,,https://serpapi.com/searches/64d9e902c56d9318ff9b918b/images/f98115600c4c3d941dc9bee3e3f5621210e56f0c8a6c2a8127044decf95aea68.jpeg,AirPods (2e gÃ©nÃ©ration) Laissez vous sÃ©duire par ces nouveaux Airpods. Ils se connectent trÃ¨s facilement et rapidement Ã votre iPhone ou votre Apple Watch ...,"[""AirPods"",""Airpods""]","{""keywords"":[""airpods""],""languages"":[""English""],""regions"":[""India""]}",https://webcache.googleusercontent.com/search?q=cache:jBKDTdw0T6UJ:https://www.sfr.fr/accessoires/details/apple-airpods-boitier-recharge&cd=90&hl=en&ct=clnk&gl=in,SFR,"{""top"":{""detected_extensions"":{""price"":159,""currency"":""â‚¬""},""extensions"":[""â‚¬159.00"",""â€ŽIn stock""]}}",,,,
80,Airpods: An Easy Guide to the Best Features - Google Books result,https://books.google.co.in/books?id=9hI_DQAAQBAJ&pg=PT22&lpg=PT22&dq=Airpods&source=bl&ots=LT4Yo3R-o-&sig=ACfU3U0CpFNNpsch1OiAvyn-LPEg0YrzYA&hl=en&sa=X&ved=2ahUKEwj6yong4NuAAxWaElkFHXDOB544ARDoAXoECB0QAw,https://books.google.co.in â€º books,,,"It is guaranteed that Airpods will be around for quite a while, before it becomes extinct or just a wireless novelty of the past. Of course, there might be ...","[""Airpods""]",,,google.co.in,"{""top"":{""extensions"":[""Michael Galleso"",""2016"",""â€ŽComputers""],""detected_extensions"":{""unknown"":2016}}}",,,,
81,Silicone case for Apple AirPods Pro,https://www.sbsmobile.com/che/en/apple-watch-and-airpods/1476-silicone-case-for-apple-airpods-pro-8018417293771.html,https://www.sbsmobile.com â€º apple-watch-and-airpods,,https://serpapi.com/searches/64d9e902c56d9318ff9b918b/images/f98115600c4c3d941dc9bee3e3f56212a6186de10361d5a524afe37df574f649.png,Protects the charging base containing your Apple AirPods Pro. This silicone case with metal clip is perfect for carrying these earphones everywhere without ...,"[""AirPods""]","{""keywords"":[""airpods""],""languages"":[""English""],""regions"":[""India""]}",https://webcache.googleusercontent.com/search?q=cache:f2bJOC_foEQJ:https://www.sbsmobile.com/che/en/apple-watch-and-airpods/1476-silicone-case-for-apple-airpods-pro-8018417293771.html&cd=92&hl=en&ct=clnk&gl=in,SBS store,,,,,
82,×“×’×ž×™ ××•×–× ×™×•×ª AirPods ×•××™×™×¨×¤×•×“×¡ ×¤×¨×•,https://www.idigital.co.il/store/idigital_apple/air-pods/airpods/,https://www.idigital.co.il â€º store â€º ai...,,https://serpapi.com/searches/64d9e902c56d9318ff9b918b/images/f98115600c4c3d941dc9bee3e3f562126d9757da30c502964de43e8de0d36d4d.png,×”×™×›× ×¡×• ×œ×—× ×•×ª ×”××•× ×œ×™×™×Ÿ ×©×œ ××™×™×“×™×’×™×˜×œ ×•×ª×ª×—×“×©×• ×‘××•×–× ×™×•×ª AirPods ××œ×—×•×˜×™×•×ª ×ž×‘×™×ª Apple. ×‘××ª×¨ × ×™×ª×Ÿ ×œ×¨××•×ª ××ª ×”×ž×—×™×¨×™× ×©×œ ×ž×’×•×•×Ÿ ××•×–× ×™×•×ª ××™×™×¨×¤×•×“×¡ ×•×ž×™×“×¢ ××•×“×•×ª ×”×ž×•×¦×¨×™×.,"[""AirPods""]","{""keywords"":[""airpods""],""languages"":[""English""],""regions"":[""India""]}",https://webcache.googleusercontent.com/search?q=cache:1eH4O2wlDxQJ:https://www.idigital.co.il/store/idigital_apple/air-pods/airpods/&cd=93&hl=en&ct=clnk&gl=in,idigital.co.il,,,,,
83,Apple AirPods Pro 2 Review: The Only Headphones You ...,https://www.outsideonline.com/outdoor-gear/tools/apple-airpods-pro-2-review/,https://www.outsideonline.com â€º outdoor-gear â€º tools,,https://serpapi.com/searches/64d9e902c56d9318ff9b918b/images/f98115600c4c3d941dc9bee3e3f5621257fa2bbeebd22a89a33a64172ed14756.png,"Apple says the new AirPods Pro have a 33-percent better battery life than the first version, and will last six hours with noise cancellation on ...","[""AirPods""]","{""keywords"":[""airpods""],""languages"":[""English""],""regions"":[""India""]}",https://webcache.googleusercontent.com/search?q=cache:uQH9-Z7_dEUJ:https://www.outsideonline.com/outdoor-gear/tools/apple-airpods-pro-2-review/&cd=94&hl=en&ct=clnk&gl=in,Outside Magazine,,,########,,
84,Apple Studying Potential of AirPods as Health Device,https://www.wsj.com/articles/apple-studying-potential-of-airpods-as-health-device-11634122800,https://www.wsj.com â€º articles â€º apple-studying-potential...,,https://serpapi.com/searches/64d9e902c56d9318ff9b918b/images/f98115600c4c3d941dc9bee3e3f562122698c385ae0c0f0ca6017b40df27c4b8.png,"AirPods Pro, Apple's higher-end earbuds, already offer features to improve hearing, including â€œconversation boost,â€ launched last week, that ...","[""AirPods""]","{""keywords"":[""airpods""],""languages"":[""English""],""regions"":[""India""]}",,Wall Street Journal,,,########,,
85,AirTags and Airpods Tips and Tricks Guide - Google Books result,https://books.google.co.in/books?id=ci-yEAAAQBAJ&pg=PT74&lpg=PT74&dq=Airpods&source=bl&ots=6buQKTwkah&sig=ACfU3U083vH618AUj6M4bu6YIrN9e7WOIg&hl=en&sa=X&ved=2ahUKEwj6yong4NuAAxWaElkFHXDOB544ARDoAXoECB8QAw,https://books.google.co.in â€º books,,,,,,,google.co.in,"{""top"":{""extensions"":[""Steven Walryn"",""2023"",""â€ŽComputers""],""detected_extensions"":{""unknown"":2023}}}",,,,
86,Iphone 14 User Guide: The Most Updated Guide to Understand ...,https://books.google.co.in/books?id=gcq_EAAAQBAJ&pg=PT204&lpg=PT204&dq=Airpods&source=bl&ots=5219TsDwuJ&sig=ACfU3U2l5oLWC--sqtPDk7tUYW1ruEkWGg&hl=en&sa=X&ved=2ahUKEwj6yong4NuAAxWaElkFHXDOB544ARDoAXoECCEQAw,https://books.google.co.in â€º books,,,Connecting AirPods Apple AirPods are some of the most bendy and practical wireless headsets available in the market; they have got a generation that allows ...,"[""AirPods"",""AirPods""]",,,google.co.in,"{""top"":{""extensions"":[""Samuel Salgado"",""Computers""]}}",,,,
87,Python for Algorithmic Trading - Page 64 - Google Books result,https://books.google.co.in/books?id=g5IIEAAAQBAJ&pg=PA64&lpg=PA64&dq=Airpods&source=bl&ots=Tk6xx-41cV&sig=ACfU3U1VQjwvhbLsrOJgdkSZNIrdqB3URg&hl=en&sa=X&ved=2ahUKEwj6yong4NuAAxWaElkFHXDOB544ARDoAXoECCAQAw,https://books.google.co.in â€º books,,,Apple is said to launch the next generation of AirPods and the all-new 13-inch MacBook Pro next month. In February an online report revealed that the ...,"[""AirPods""]",,,google.co.in,"{""top"":{""extensions"":[""Yves Hilpisch"",""2020"",""â€ŽComputers""],""detected_extensions"":{""unknown"":2020}}}",,,,
88,iPad For Seniors For Dummies - Page 279 - Google Books result,https://books.google.co.in/books?id=qWKuEAAAQBAJ&pg=PA279&lpg=PA279&dq=Airpods&source=bl&ots=UuyEAl_TD0&sig=ACfU3U2BIFz-HNJvTUrUOb4I6MjtF-s76w&hl=en&sa=X&ved=2ahUKEwj6yong4NuAAxWaElkFHXDOB544ARDoAXoECB4QAw,https://books.google.co.in â€º books,,,"For a top- of-the-line wireless experience, try Apple's AirPods, AirPods Pro, or AirPods Max (go to www.apple.com/airpods for more info).","[""AirPods"",""AirPods"",""AirPods"",""airpods""]",,,google.co.in,"{""top"":{""extensions"":[""Dwight Spivey"",""2023"",""â€ŽComputers""],""detected_extensions"":{""unknown"":2023}}}",,,,
89,Apple's AirPods Pro have allegedly ruptured a boy's eardrum,https://www.notebookcheck.net/Apple-s-AirPods-Pro-have-allegedly-ruptured-a-boy-s-eardrum.620400.0.html,https://www.notebookcheck.net â€º Apple-s-AirPods-Pr...,https://encrypted-tbn0.gstatic.com/images?q=tbn:ANd9GcRMrNuQv1v8Qx7V_nvg4qb0I6HsvMkDeqqQL6by11wdydDDfuVBGyUo&usqp=CAE&s,https://serpapi.com/searches/64d9e902c56d9318ff9b918b/images/f98115600c4c3d941dc9bee3e3f562124869b13fed2b8f29374df34ea7145c44.png,"Apple's popular wireless headphones, the AirPods Pro, are now part of a lawsuit filed in California (Image: Ignacio R).","[""AirPods""]","{""keywords"":[""airpods""],""languages"":[""English""],""regions"":[""India""]}",https://webcache.googleusercontent.com/search?q=cache:gHfZBWBzYKUJ:https://www.notebookcheck.net/Apple-s-AirPods-Pro-have-allegedly-ruptured-a-boy-s-eardrum.620400.0.html&cd=100&hl=en&ct=clnk&gl=in,Notebookcheck,,,########,,